Workbook

Sheet Dados Históricos
A1: PETR4 | D1: BOVA11
A2: Data | B2: Preço | D2: Data | E2: Preço
A3: 44256 | B3: 10.01 | D3: 44256 | E3: 112.02
A4: 44287 | B4: 10.13 | D4: 44287 | E4: 114.4
A5: 44317 | B5: 11.53 | D5: 44317 | E5: 121.25
A6: 44348 | B6: 12.63 | D6: 44348 | E6: 121.81
A7: 44378 | B7: 11.55 | D7: 44378 | E7: 117.11
A8: 44409 | B8: 12.36 | D8: 44409 | E8: 114.08
A9: 44440 | B9: 12.38 | D9: 44440 | E9: 106.49
A10: 44470 | B10: 12.39 | D10: 44470 | E10: 99.68
A11: 44501 | B11: 13.38 | D11: 44501 | E11: 98.35
A12: 44531 | B12: 14.01 | D12: 44531 | E12: 100.8
A13: 44562 | B13: 15.93 | D13: 44562 | E13: 107.98
A14: 44593 | B14: 16.74 | D14: 44593 | E14: 108.9
... A62: 46054 | B62: 39.33 | D62: 46054 | E62: 185.16

Sheet RETORNOS
A1: Data | B1: PETR4 | C1: RETORNO | D1: MÉDIA | E1: RETORNO ANUAL | F1: VOLATILIDADE MENSAL | G1: VOLATILIDADE ANUAL | H1: VaR 95% | J1: Beta | K1: COVARIÂNCIA | L1: CORRELAÇÃO | N1: BOVA11 | O1: RETORNO | P1: MÉDIA | Q1: RETORNO ANUAL | R1: VOLATILIDADE MENSAL | S1: VOLATILIDADE ANUAL | T1: VaR 95%
A2: 44256 | B2: 10.01 | D2: =AVERAGE($C$3:$C$61) -> 0.027074777 | E2: =$D$2 *12 -> 0.32489733 | F2: =_xlfn.STDEV.P($C$3:$C$61) -> 0.086006371 | G2: =$F$2*SQRT(12) -> 0.29793481 | H2: =PERCENTILE($C$3:$C$61,0.05) -> -0.10806392 | J2: =_xlfn.COVARIANCE.P($C$3:$C$61,$O$3:$O$61)/ _xlfn.VAR.P($O$3:$O$61) -> 0.74102242 | K2: =_xlfn.COVARIANCE.P($C$3:$C$61,$O$3:$O$61) -> 0.0018739733 | L2: =CORREL($C$3:$C$61,$O$3:$O$61) -> 0.43327811 | N2: 112.02 | P2: =AVERAGE($O$3:$O$61) -> 0.0098144793 | Q2: =$P$2*12 -> 0.11777375 | R2: =_xlfn.STDEV.P($O$3:$O$61) -> 0.050288193 | S2: =$R$2*SQRT(12) -> 0.17420341 | T2: =PERCENTILE($O$3:$O$61, 0.05) -> -0.06779054
A3: 44287 | B3: 10.13 | C3: =(B3/B2) - 1 -> 0.011988012 | J3: Beta <1 = menos volatil que mercado | N3: 114.4 | O3: =(N3/N2)-1 -> 0.021246206
A4: 44317 | B4: 11.53 | C4: =(B4/B3) - 1 -> 0.13820336 | N4: 121.25 | O4: =(N4/N3)-1 -> 0.059877622
A5: 44348 | B5: 12.63 | C5: =(B5/B4) - 1 -> 0.095403296 | N5: 121.81 | O5: =(N5/N4)-1 -> 0.0046185567
A6: 44378 | B6: 11.55 | C6: =(B6/B5) - 1 -> -0.085510689 | N6: 117.11 | O6: =(N6/N5)-1 -> -0.038584681
A7: 44409 | B7: 12.36 | C7: =(B7/B6) - 1 -> 0.07012987 | N7: 114.08 | O7: =(N7/N6)-1 -> -0.025873111
A8: 44440 | B8: 12.38 | C8: =(B8/B7) - 1 -> 0.001618123 | N8: 106.49 | O8: =(N8/N7)-1 -> -0.066532258
A9: 44470 | B9: 12.39 | C9: =(B9/B8) - 1 -> 0.00080775444 | N9: 99.68 | O9: =(N9/N8)-1 -> -0.063949667
A10: 44501 | B10: 13.38 | C10: =(B10/B9) - 1 -> 0.079903148 | N10: 98.35 | O10: =(N10/N9)-1 -> -0.013342697
A11: 44531 | B11: 14.01 | C11: =(B11/B10) - 1 -> 0.047085202 | N11: 100.8 | O11: =(N11/N10)-1 -> 0.024911032
A12: 44562 | B12: 15.93 | C12: =(B12/B11) - 1 -> 0.13704497 | N12: 107.98 | O12: =(N12/N11)-1 -> 0.071230159
A13: 44593 | B13: 16.74 | C13: =(B13/B12) - 1 -> 0.050847458 | N13: 108.9 | O13: =(N13/N12)-1 -> 0.0085200963
A14: 44621 | B14: 16.47 | C14: =(B14/B13) - 1 -> -0.016129032 | N14: 115.6 | O14: =(N14/N13)-1 -> 0.061524334
A15: 44652 | B15: 16.26 | C15: =(B15/B14) - 1 -> -0.012750455 | N15: 103.4 | O15: =(N15/N14)-1 -> -0.10553633
... A61: 46054 | B61: 39.33 | C61: =(B61/B60) - 1 -> 0.04157839 | N61: 185.16 | O61: =(N61/N60)-1 -> 0.039057239

Sheet MODELAGEM
J2: Simulação de Combinações de Carteira - Retorno e Risco
J4: Peso PETR4 (%) | K4: Peso BOVA11 (%) | L4: Retorno esperado da carteira | M4: Variância da carteira | N4: Volatilidade da carteira
A5: Dados | J5: 0 | K5: =1-J5 -> 1 | L5: =J5*$C$6 +K5*$C$7 -> 0.0098144793 | M5: =(J5^2)*($C$8^2)+(K5^2)*($C$9^2)+2*J5*K5*$C$10 -> 0.0025289023 | N5: =SQRT(M5) -> 0.050288193
A6: retorno médio mensal | B6: PETR4 | C6: =AVERAGE(RETORNOS!C3:C61) -> 0.027074777 | E6: Métrica | F6: PETR4 | G6: BOVA11 | H6: Carteira Mínima | J6: 0.05 | K6: =1-J6 -> 0.95 | L6: =J6*$C$6 +K6*$C$7 -> 0.010677494 | M6: =(J6^2)*($C$8^2)+(K6^2)*($C$9^2)+2*J6*K6*$C$10 -> 0.0024788546 | N6: =SQRT(M6) -> 0.049788097
B7: BOVA11 | C7: =AVERAGE(RETORNOS!O3:O61) -> 0.0098144793 | E7: Retorno Mensal | F7: =C6 -> 0.027074777 | G7: =C7 -> 0.0098144793 | H7: =K31 -> 0.011540509 | J7: 0.1 | K7: =1-J7 -> 0.9 | L7: =J7*$C$6 +K7*$C$7 -> 0.011540509 | M7: =(J7^2)*($C$8^2)+(K7^2)*($C$9^2)+2*J7*K7*$C$10 -> 0.0024596971 | N7: =SQRT(M7) -> 0.049595333
A8: volatilidade mensal | B8: PETR4 | C8: =STDEVP(RETORNOS!C3:C61) -> 0.086006371 | E8: Volatilidade Mensal | F8: =C8 -> 0.086006371 | G8: =C9 -> 0.050288193 | H8: =K30 -> 0.049595333 | J8: 0.15 | K8: =1-J8 -> 0.85 | L8: =J8*$C$6 +K8*$C$7 -> 0.012403524 | M8: =(J8^2)*($C$8^2)+(K8^2)*($C$9^2)+2*J8*K8*$C$10 -> 0.0024714298 | N8: =SQRT(M8) -> 0.049713477
B9: BOVA11 | C9: =STDEVP(RETORNOS!O3:O61) -> 0.050288193 | J9: 0.2 | K9: =1-J9 -> 0.8 | L9: =J9*$C$6 +K9*$C$7 -> 0.013266539 | M9: =(J9^2)*($C$8^2)+(K9^2)*($C$9^2)+2*J9*K9*$C$10 -> 0.0025140528 | N9: =SQRT(M9) -> 0.050140331
B10: Cov mensal | C10: =_xlfn.COVARIANCE.P(RETORNOS!C3:C61,RETORNOS!O3:O61) -> 0.0018739733 | J10: 0.25 | K10: =1-J10 -> 0.75 | L10: =J10*$C$6 +K10*$C$7 -> 0.014129554 | M10: =(J10^2)*($C$8^2)+(K10^2)*($C$9^2)+2*J10*K10*$C$10 -> 0.0025875661 | N10: =SQRT(M10) -> 0.050868124
J11: 0.3 | K11: =1-J11 -> 0.7 | L11: =J11*$C$6 +K11*$C$7 -> 0.014992569 | M11: =(J11^2)*($C$8^2)+(K11^2)*($C$9^2)+2*J11*K11*$C$10 -> 0.0026919696 | N11: =SQRT(M11) -> 0.051884194
J12: 0.35 | K12: =1-J12 -> 0.65 | L12: =J12*$C$6 +K12*$C$7 -> 0.015855584 | M12: =(J12^2)*($C$8^2)+(K12^2)*($C$9^2)+2*J12*K12*$C$10 -> 0.0028272634 | N12: =SQRT(M12) -> 0.053172017
J13: 0.4 | K13: =1-J13 -> 0.6 | L13: =J13*$C$6 +K13*$C$7 -> 0.016718598 | M13: =(J13^2)*($C$8^2)+(K13^2)*($C$9^2)+2*J13*K13*$C$10 -> 0.0029934474 | N13: =SQRT(M13) -> 0.054712406
J14: 0.45 | K14: =1-J14 -> 0.55 | L14: =J14*$C$6 +K14*$C$7 -> 0.017581613 | M14: =(J14^2)*($C$8^2)+(K14^2)*($C$9^2)+2*J14*K14*$C$10 -> 0.0031905217 | N14: =SQRT(M14) -> 0.056484703
J15: 0.5 | K15: =1-J15 -> 0.5 | L15: =J15*$C$6 +K15*$C$7 -> 0.018444628 | M15: =(J15^2)*($C$8^2)+(K15^2)*($C$9^2)+2*J15*K15*$C$10 -> 0.0034184862 | N15: =SQRT(M15) -> 0.058467822
J16: 0.55 | K16: =1-J16 -> 0.45 | L16: =J16*$C$6 +K16*$C$7 -> 0.019307643 | M16: =(J16^2)*($C$8^2)+(K16^2)*($C$9^2)+2*J16*K16*$C$10 -> 0.003677341 | N16: =SQRT(M16) -> 0.060641084
J17: 0.6 | K17: =1-J17 -> 0.4 | L17: =J17*$C$6 +K17*$C$7 -> 0.020170658 | M17: =(J17^2)*($C$8^2)+(K17^2)*($C$9^2)+2*J17*K17*$C$10 -> 0.0039670861 | N17: =SQRT(M17) -> 0.062984808
J18: 0.65 | K18: =1-J18 -> 0.35 | L18: =J18*$C$6 +K18*$C$7 -> 0.021033673 | M18: =(J18^2)*($C$8^2)+(K18^2)*($C$9^2)+2*J18*K18*$C$10 -> 0.0042877214 | N18: =SQRT(M18) -> 0.065480695
J19: 0.7 | K19: =1-J19 -> 0.3 | L19: =J19*$C$6 +K19*$C$7 -> 0.021896688 | M19: =(J19^2)*($C$8^2)+(K19^2)*($C$9^2)+2*J19*K19*$C$10 -> 0.004639247 | N19: =SQRT(M19) -> 0.068112018
J20: 0.75 | K20: =1-J20 -> 0.25 | L20: =J20*$C$6 +K20*$C$7 -> 0.022759703 | M20: =(J20^2)*($C$8^2)+(K20^2)*($C$9^2)+2*J20*K20*$C$10 -> 0.0050216628 | N20: =SQRT(M20) -> 0.070863692
J21: 0.8 | K21: =1-J21 -> 0.2 | L21: =J21*$C$6 +K21*$C$7 -> 0.023622718 | M21: =(J21^2)*($C$8^2)+(K21^2)*($C$9^2)+2*J21*K21*$C$10 -> 0.0054349689 | N21: =SQRT(M21) -> 0.073722242
J22: 0.85 | K22: =1-J22 -> 0.15 | L22: =J22*$C$6 +K22*$C$7 -> 0.024485732 | M22: =(J22^2)*($C$8^2)+(K22^2)*($C$9^2)+2*J22*K22*$C$10 -> 0.0058791653 | N22: =SQRT(M22) -> 0.076675715
... J25: 1 | K25: =1-J25 -> 0 | L25: =J25*$C$6 +K25*$C$7 -> 0.027074777 | M25: =(J25^2)*($C$8^2)+(K25^2)*($C$9^2)+2*J25*K25*$C$10 -> 0.0073970959 | N25: =SQRT(M25) -> 0.086006371
J28: Carteira de Mínima Variância
K29: Mínima variância
J30: Volatilidade | K30: =MIN(N5:N25) -> 0.049595333
J31: Retorno | K31: =L7 -> 0.011540509
J32: PETR4 | K32: =_xlfn.XLOOKUP(MIN(N5:N25), N5:N25, J5:J25) -> 0.1
J33: BOVA11 | K33: =_xlfn.XLOOKUP(MIN(N5:N25), N5:N25,K5:K25) -> 0.9

Sheet RELATÓRIO
B1: Análise de Risco e Otimização de Carteira – Abordagem de Markowitz
B2: Procedimentos Realizados | C2: Foram utilizados dados históricos mensais dos ativos PETR4 e BOVA11. A partir dos preços, foram calculados os retornos mensais, bem como as métricas estatísticas necessárias para a análise de risco, incluindo retorno médio, volatilidade, covariância e correlação. Em seguida, aplicou-se a Teoria Média-Variância de Markowitz para simular diferentes combinações de pesos entre os ativos, possibilitando a construção da fronteira eficiente.
B5: Resultados Obtidos | C5: A PETR4 apresentou retorno médio mensal de 2,71% e volatilidade de 8,60%.
C7: O BOVA11 apresentou retorno médio mensal de 0,98% e volatilidade de 5,03%.
C10: A correlação entre os ativos foi de aproximadamente 0,43, indicando correlação moderada e, portanto, possibilidade de redução de risco por meio da diversificação.
C14: A carteira de mínima variância foi identificada com composição de 10% em PETR4 e 90% em BOVA11, apresentando retorno mensal de 1,15% e volatilidade de 4,96%
C20: Observa-se que a carteira de mínima variância apresentou volatilidade inferior à do ativo menos volátil isoladamente (BOVA11), evidenciando ganho real de diversificação.
B24: Conclusões | C24: A modelagem evidenciou que a combinação eficiente entre os ativos reduziu a volatilidade total da carteira em relação aos ativos analisados individualmente. A diversificação mostrou-se eficaz devido à correlação moderada entre os ativos, evidenciando a importância da alocação estratégica na gestão de portfólio.
B30: Int
